Column A,Column B
"Ruffian","Plaridhel"
"Bwayn/Shydo","Heinskill/Omerta"
"CripLi","Ban"
"Sinagtala","1ce Water"
"Atoms","Sickreto"
"Dave Denver","Supremo (2)"
"Andros","Sensei"
"Jawz","Lord Manuel"
"BLZR","Antonym"
"Bisente","Shaboy"
"CNine","Cygnus"
"Nathan","Philos"
"Marichu","Blizzard"
"Fernie","Jamy Sykes"
"Pamoso","Caytriyu"
"Caspher","Crhyme"
"Negho Gy","Hespero"
"Ruffian","JDee"
"Katana","3rdy"
"Manda Baliw","Ban"
"K-Ram","Kenzer"
"Zend Luke","Zaki"
"Carlito","Article Clipted"
"CripLi","Empithri"
"Lhipkram","Aubrey"
"Jonas","Saint Ice"
"R-Zone","Ets"
"Tulala","Dodong Saypa"
"Plazma","Emar Industriya"
"Rapido","Mastafeat"
"Karisma","Class G"
"Meraj","Shaboy"
"Hazky","SlockOne"
"Sinio","Poison13"
"Harlem","Katana"
"Lhipkram","Sayadd"
"M Zhayt","Tipsy D"
"Manda Baliw","Meraj"
"Jonas","Zend Luke"
"Sickreto","Derekta"
"Ruffian","Saint Ice"
"Mimack","Barbarian"
"Empithri","3rdy"
"Chris Ace","Castillo"
"Poison13","Goriong Talas"
"Plaridhel","Mistah Lefty"
"Tipsy D","Frooz"
"Ban","Kenzer"
"Tulala","Caytriyu"
"Dosage","Article Clipted"
"Zend Luke","Mistah Lefty"
"Sak Maestro","Lhipkram"
"Shernan","Pistolero"
"Hazky","Batang Rebelde"
"J-Blaque","Kregga"
"Fukuda","Emar Industriya"
"Supremo (2)","Crhyme"
"CripLi/Towpher","K-Ram/SlockOne"
"Batang Rebelde","CripLi"
"Goriong Talas","JR Zero"
"Razick","Hempphil"
"Frooz","M Zhayt"
"GL","Vitrum"
"Shehyee","EJ Power"
"JP","Yagi"
"Dave Denver","Kalixs"
"Pistolero","Frooz"
"No. 144","Markong Bungo"
"Nadnad","Zero MB"
"Caspher/Hespero","Atoms/Cygnus"
"Zaki","3rdy"
"Negho Gy/Pamoso","Atoms/Cygnus"
"Caspher/Hespero","Aubrey/Marichu"
"Negho Gy/Pamoso","Deadline/RG"
"Aubrey/Marichu","Sickreto/Article Clipted"
"Jawz/Bisente","Atoms/Cygnus"
"Don Rafael","Keelan"
"Manda Baliw","Katana"
"Hazky","CripLi"
"SlockOne","Vitrum"
"Caspher/Hespero","Kenzer/Mimack"
"M Zhayt","Zend Luke"
"GL","EJ Power"
"Sinio","Shernan"
"Val","Aztec"
"Blizzard","Sensei"
"Tulala","Crispy Fetus"
"Cygnus","Jamy Sykes"
"Atoms","Caytriyu"
"Freak Sanchez","Ghostly"
"Earth-J","Hempphil"
"Fernie","Pamoso"
"R-Zone","James Overman"
"Shaboy","Dodong Saypa"
"Bisente","Jawz"
"BLZR","Freek"
"Frooz","CripLi"
"Lord Manuel","Philos"
"Sur Henyo","GL"
"Tipsy D","Batang Rebelde"
"EJ Power","Romano"
"Caspher","Andros"
"Frinze","Hespero"
"Negho Gy","Antonym"
"Katana","Meraj"
"Yuniko","Saint Ice"
"SlockOne","Ruffian"
"G-Clown","Vitrum"
"Lhipkram","SirDeo"
"Eveready","Carlito"
"Hempphil","Aubrey"
"Shaboy","Marichu"
"Jawz","Pamoso"
"Don Rafael","Ets"
"Kalixs","Razick"
"Crhyme","Dodong Saypa"
"Dave Denver","Keelan"
"BLZR","Bisente"
"Supremo (2)","Philos"
"Ivar","Ryl"
"Zero MB","Loon"
"Barbarian","Lawrence"
"Pen Pluma","RG"
"Chris Ace","Chaliz"
"Murdz","Nathan"
"Mimack","Deadline"
"Ban","Nadnad"
"Empithri","Kenzer"
"Kregga","Mistah Lefty"
"Hazky","Asser"
"EJ Power","Poison13"
"GL","JDee"
"SlockOne","Class G"
"Romano","3rdy"
"Sur Henyo","JR Zero"
"G-Clown","Rapido"
"Marshall Bonifacio","Vitrum"
"Apoc","Ruffian"
"Jonas","Plazma"
"M Zhayt","Emar Industriya"
"Daging","Earth-J"
"Andros","Tulala"
"Caspher","R-Zone"
"Meraj","Lord Manuel"
"Freek","Fernie"
"One Lie Ace","Lax Hartis"
"Saint Ice","Hespero"
"Katana","Crispy Fetus"
"Antonym","James Overman"
"Negho Gy","Frinze"
"Hazky","Invictus"
"M Zhayt","Marshall Bonifacio"
"Lhipkram","Goriong Talas"
"Frooz","Fukuda"
"Zend Luke","Emar Industriya"
"Harlem","Sur Henyo"
"Batang Rebelde","Castillo"
"Onaks","Kenzer"
"Class G","3rdy"
"Sickreto","Murdz"
"Empithri","RG"
"Smugglaz","Charron"
"Shernan","Sak Maestro"
"Pistolero","J-Blaque"
"GL","Plaridhel"
"Jonas","K-Ram"
"Poison13","Asser"
"Zaki","Manda Baliw"
"JDee","Vitrum"
"SlockOne","Mastafeat"
"SirDeo","Bagsik"
"Prince Rhyme","Ruffian"
"CNine","Karisma"
"Mhot","Sayadd"
"Hazky","Plaridhel"
"GL","Lhipkram"
"J-King","SirDeo"
"Batang Rebelde","Manda Baliw"
"Vitrum","Ruffian"
"Emar Industriya","Class G"
"Bagsik","Karisma"
"Pistolero","Zend Luke"
"Invictus","JDee"
"Asser","Marshall Bonifacio"
"Mastafeat","LilStrocks"
"Pen Pluma","Nadnad"
"Ban","Nathan"
"Step G","Drop D"
"Linax","Keji"
"Shernan","Luxuria"
"Jonas","Castillo"
"Nikki","K-Ram"
"Murdz","Empithri"
"Crypto","Deadline"
"Zero MB","Kenzer"
"Climax","Barbarian"
"RG","Mimack"
"Sak Maestro","Hazky"
"Zaito","JDee"
"Poison13","Plaridhel"
"Invictus","Illtimate"
"Zaki","K-Ram"
"Ruffian","Class G"
"CNine","Manda Baliw"
"Onaks","Karisma"
"Resiak","Classico"
"3rdy","Cors"
"Yagi","Ron Aaron"
"Driex","Kros"
"Davera","Henz"
"Derekta","Article Clipted"
"Zion","Mhel"
"Sixth Threat","Shernan"
"Frooz/Elbiz","Mac T/G-Spot"
"Sayadd","Invictus"
"Plaridhel","Bagsik"
"Plazma","Nikki"
"Zend Luke","Gameboy"
"JR Zero","Dopee"
"Sickreto","JP"
"Lawrence","Deadline"
"Barbarian","Crypto"
"Chibi","Kenzer"
"Climax","Drop D"
"Murdz","Step G"
"Bords","Linax"
"Zero MB","RG"
"Nathan","Nadnad"
"Keji","Mimack"
"Sak Maestro","Asser"
"Hazky","C-Quence"
"Poison13","Prince Rhyme"
"Range","J-Blaque"
"Tweng","LilStrocks"
"Pen Pluma","GI"
"Ban","Empithri"
"Zaito","J-King"
"G-Clown","Illtimate"
"JDee","Castillo"
"CNine","SlockOne"
"Pistolero/Luxuria","Mastafeat/Hearty"
"Manda Baliw","Vitrum"
"Class G","Lax Hartis"
"Ruffian","Karisma"
"Pistolero","Luxuria"
"Sinio","Apekz"
"M Zhayt","CripLi"
"J-King","JDee"
"Sur Henyo","Kregga"
"K-Ram/SlockOne","Vitrum/Illtimate"
"Tweng","Jonas"
"Harlem","J-Blaque"
"Fukuda","Invictus"
"G-Clown","JR Zero"
"Abra","EJ Power"
"Shernan","Mastafeat"
"Apoc","Lhipkram"
"Poison13","Zend Luke"
"Zaito","C-Quence"
"Marshall Bonifacio","GL"
"Hazky","SirDeo"
"Elbiz","Asser"
"Zaki","Plaridhel"
"Manda Baliw","Gameboy"
"Lhipkram","J-King"
"J-Blaque","Marshall Bonifacio"
"Mastafeat","Plaridhel"
"Batang Rebelde","Prince Rhyme"
"M Zhayt/Manda Baliw","K-Ram/SlockOne"
"K-Ram","Pen Pluma"
"Arma","Onlison"
"Pistolero","Goriong Talas"
"Poison13","Luxuria"
"Sayadd","GL"
"Plazma","Zend Luke"
"Asser","CripLi"
"Yuniko","C-Quence"
"Bagsik","Manda Baliw"
"Pistolero","Castillo"
"Poison13","Elbiz"
"Goriong Talas","JDee"
"Harlem","Luxuria"
"Damsa","CNine"
"SlockOne","LilStrocks"
"JR Zero","Illtimate"
"Hazky","Mastafeat"
"Pistolero","Plaridhel"
"Jonas","SirDeo"
"J-King","Fukuda"
"Elbiz","Zend Luke"
"CripLi","K-Ram"
"Prince Rhyme","Vitrum"
"J-Blaque","M Zhayt"
"Range","Tweng"
"Goriong Talas","Pen Pluma"
"Asser","Fangs"
"CNine","Castillo"
"GL","LilStrocks"
"Makii","GI"
"Zaito","Luxuria"
"Harlem","C-Quence"
"Poison13","SlockOne"
"Mastafeat","Batang Rebelde"
"JDee","Zaki"
"Bagsik","Prince Rhyme"
"Onaks","One Lie Ace"
"M Zhayt","Lhipkram"
"Goriong Talas","J-Blaque"
"Shernan","Jonas"
"Zaito","Mhot"
"Sayadd","Tweng"
"Frooz","Thike"
"C-Quence","CNine"
"Vitrum","Pen Pluma"
"Illtimate","Onlison"
"SlockOne","Plaridhel"
"Prince Rhyme","Arma"
"Bagsik","Castillo"
"LilStrocks","Gameboy"
"Pistolero","Marshall Bonifacio"
"Apoc","Zend Luke"
"Hazky","Range"
"Harlem","Mastafeat"
"Poison13","Akt"
"Lanzeta","Damsa"
"Plazma","Fukuda"
"Elbiz","Luxuria"
"Kregga","Batang Rebelde"
"Yuniko","GL"
"SirDeo","K-Ram"
"JR Zero","JDee"
"Don Pao","Zaki"
"Tipsy D","C-Quence"
"Zaito","Frooz"
"Prince Rhyme","SlockOne"
"Vitrum/Illtimate","Castillo/Arma"
"Range","Harlem"
"Plazma","Marshall Bonifacio"
"JR Zero","CNine"
"Akt","Mastafeat"
"SirDeo","Vitrum"
"K-Ram","JDee"
"Makii","Prince Rhyme"
"Apekz","Goriong Talas"
"Zend Luke","J-Blaque"
"M Zhayt","Luxuria"
"Lhipkram","Jonas"
"Apoc","Poison13"
"Hazky","Elbiz"
"C-Quence","K-Ram"
"CNine","Bagsik"
"Illtimate","Duma"
"M Zhayt","GL"
"Lhipkram","Kregga"
"G-Clown","J-Blaque"
"Harlem","Zend Luke"
"Jonas","Onlison"
"Invictus","Batang Rebelde"
"Mastafeat","SirDeo"
"JDee","Onaks"
"SlockOne","One Lie Ace"
"Batas","Luxuria"
"Apekz","Mastafeat"
"Goriong Talas","Vitrum"
"Thike","Elbiz"
"GL","Chris Ace"
"LilStrocks","J-Blaque"
"Tipsy D","Poison13"
"Hazky","Pistolero"
"Kregga","Marshall Bonifacio"
"JR Zero","Zend Luke"
"CNine","Plaridhel"
"SirDeo","C-Quence"
"Supremo","Bonet"
"Onlison","Gameboy"
"Apekz","Bagsik"
"Frooz","Luxuria"
"Goriong Talas","Illtimate"
"G-Clown","CNine"
"Harlem","Righteous1"
"K-Ram","Mastafeat"
"Onaks","Vitrum"
"Jonas","Batang Rebelde"
"M Zhayt/Jonas","One Lie Ace/SlockOne"
"Thike","Numerhus"
"JDee","SlockOne"
"Batas","Pistolero"
"Lanzeta","Marshall Bonifacio"
"M Zhayt","Invictus"
"Jonas","CNine"
"Damsa","Mastafeat"
"Batang Rebelde","Goriong Talas"
"SlockOne","LilWeng"
"Duma","Supremo"
"Shernan","Frooz"
"Hazky","Lhipkram"
"Poison13","Plazma"
"Harlem","Elbiz"
"Yuniko","K-Ram"
"Illtimate","Luxuria"
"JDee","One Lie Ace"
"Akt","SirDeo"
"C-Quence","Bagsik"
"Lemi","Bonet"
"C-Quence","Supremo"
"K-Ram","Vitrum"
"Yuniko","CNine"
"Jonas","Sayadd"
"Apoc","Marshall Bonifacio"
"Damsa","Poison13"
"Romano","Elbiz"
"Luxuria","K-Ram"
"Mastafeat","Righteous1"
"Bagsik","One Lie Ace"
"Onaks","LilWeng"
"Numerhus","Goriong Talas"
"Batang Rebelde","Akt"
"SlockOne","SirDeo"
"Duma","JDee"
"Batas","J-King"
"Lhipkram","Lanzeta"
"Harlem","Romano"
"CNine","Mastafeat"
"Lemi","One Lie Ace"
"Poison13","Hazky"
"M Zhayt","Yuniko"
"Plazma","Lhipkram"
"Jonas","Elbiz"
"Vitrum","Bagsik"
"Illtimate","C-Quence"
"Shernan","Poison13"
"Zaito","Sak Maestro"
"Sinio/Tipsy D","Lhipkram/Jonas"
"Pistolero","Fukuda"
"Apekz","Sixth Threat"
"Apoc","Lanzeta"
"BLKD","Fukuda"
"Shernan","M Zhayt"
"Marshall Bonifacio","Towpher"
"Jonas","Range"
"Plazma","Sur Henyo"
"CripLi","J-King"
"Damsa","Numerhus"
"J-Blaque","Duma"
"Batas","Tipsy D"
"Sak Maestro","Invictus"
"Mhot","Kregga"
"Poison13","G-Clown"
"Zaito","Tweng"
"Hazky","Nikki"
"Sayadd","Ilaya"
"Zend Luke","GL"
"LilWeng","Youngone"
"Yuniko","Pen Pluma"
"Shernan","Hazky"
"Apekz","G-Clown"
"Sixth Threat","Poison13"
"Apoc","Invictus"
"BLKD","Frooz"
"Zaito","Thike"
"LilJohn","CripLi"
"Batas","Range"
"Asser","Tweng"
"Fangs","Marshall Bonifacio"
"Martin","J-Blaque"
"Chris Ace","Pen Pluma"
"Doc Pau","GL"
"GI","LilStrocks"
"Makii","Vampi"
"Cloud9","Jorer"
"Ares","Arma"
"Climax","Paktisoy"
"Gustav","Chung"
"Acid","CJ"
"Castillo","Parz"
"Barbarian","Zinntax"
"Sak Maestro","Lanzeta"
"Kregga","Jonas"
"Sayadd","Fukuda"
"Dosage","Zend Luke"
"Rudic","Onlison"
"Maxford","N-Flowinz"
"Dopee","Gameboy"
"Mardszen","Malupit"
"JR Zero","Supremo"
"Sael","Classico"
"Plaridhel","Placz"
"Scars","Resiak"
"Batas","Mhot"
"Sur Henyo","J-King"
"Pistolero","Emar Industriya"
"Damsa","Towpher"
"CripLi","Numerhus"
"Romano","Papew"
"K-Ram","Youngone"
"Tipsy D","Zaito"
"BLKD","Poison13"
"Apekz","Asser"
"Lanzeta","Sixth Threat"
"Lhipkram","G-Clown"
"Plazma","Invictus"
"Numerhus","LilWeng"
"Batas","Sak Maestro"
"Apekz","Hazky"
"Sayadd","Lanzeta"
"Goriong Talas","G-Clown"
"Pistolero","Luxuria"
"Flipzydot1","Doc Pau"
"Yuniko","Duma"
"Shernan","Range"
"BLKD","Marshall Bonifacio"
"Lhipkram","J-Blaque"
"Jonas","Asser"
"J-King","Martin"
"Chris Ace","GI"
"GL","Pen Pluma"
"Aelekz","Makii"
"Jahmen J","Castillo"
"Cloud9","Paktisoy"
"LilStrocks","Jorer"
"Ares","Acid"
"Renzaurus","Arma"
"Climax","Gustav"
"Sinio","Nikki"
"Poison13","Dosage"
"Sixth Threat","Rudic"
"Fukuda","Tatz Maven"
"Zero Hour","Emar Industriya"
"Mardszen","Onlison"
"N-Flowinz","Zend Luke"
"Maxford","Stiff"
"Zucchetto","Classico"
"Plaridhel","JR Zero"
"Gameboy","Sael"
"Resiak","Placz"
"Scars","Supremo"
"LilWeng","Yuniko"
"Luxuria","Bagsik"
"Vitrum","Illtimate"
"Numerhus","Mastafeat"
"Youngone","SirDeo"
"Cricket","Bonet"
"SlockOne","Duma"
"CNine","JDee"
"Crispy Fetus","OG Ulo"
"One Lie Ace","K-Ram"
"Lemi","C-Quence"
"Shehyee","Pistolero"
"BLKD","LilJohn"
"Fukuda","Goriong Talas"
"Mhot/Sur Henyo","Lhipkram/Jonas"
"Asser","Towpher"
"Marshall Bonifacio","Martin"
"CripLi","Ejo"
"Tipsy D","Sak Maestro"
"Shernan","Lanzeta"
"Zaito","Hazky"
"Tweng","Poison13"
"Damsa","Range"
"Sayadd","Flict-G"
"Kregga","Invictus"
"J-King","Tatz Maven"
"Abra","Pistolero"
"Shehyee","Fukuda"
"BLKD","Damsa"
"Zaito","Flict-G"
"M Zhayt","Poison13"
"Romano","CripLi"
"Towpher","Emar Industriya"
"Batas","Fukuda"
"Abra","Invictus"
"Shehyee","J-King"
"Plazma","Pistolero"
"Apoc","Tipsy D"
"Shernan","Hearty"
"Lhipkram","Jonas"
"M Zhayt","Sak Maestro"
"Maxford","Fukuda"
"Nikki","Sayadd"
"Pistolero","Aelekz"
"Tatz Maven","Sixth Threat"
"Rudic","Dosage"
"Snob","Stiff"
"Zaito","Range"
"Invictus","Marshall Bonifacio"
"Asser","Martin"
"LilJohn","Tweng"
"Ejo","Chris Ace"
"J-Blaque","Makii"
"Munchito","GI"
"BLKD","Lanzeta"
"Kregga","Sur Henyo"
"Damsa","Khen Magat"
"Thike","J-Skeelz"
"Frooz","Lhipkram"
"Romano","Poison13"
"Jonas","Hazky"
"Batas","Jonas"
"Abra","Poison13"
"Shehyee","Lhipkram"
"Sayadd","J-King"
"Plazma","Batang Rebelde"
"Mhot","Sur Henyo"
"Invictus","Tatz Maven"
"Thike","Marshall Bonifacio"
"Lhipkram","Sixth Threat"
"Pistolero","Lanzeta"
"Batang Rebelde","Fukuda"
"Ilaya","Emar Industriya"
"Martin","Hazky"
"Zaito","Nikki"
"Damsa","Asser"
"LilJohn","Sayadd"
"Batas","BLKD"
"Sinio/Tipsy D","Shernan/M Zhayt"
"Kregga","Frooz"
"J-King","Poison13"
"Plazma","Romano"
"Jonas","CripLi"
"G-Clown","Towpher"
"J-Skeelz","Khen Magat"
"Frooz","Harlem"
"Lanzeta","Poison13"
"Mocks Wun","Lhipkram"
"Sinio/Tipsy D","Romano/J-King"
"Wrathsol","Kjap"
"Dhuski","Rich Flo"
"Sur Henyo","Fukuda"
"LilJohn","Khen Magat"
"Batang Rebelde","Pistolero"
"Shernan/M Zhayt","Damsa/Flict-G"
"Hazky","Mikidee"
"Range","CripLi"
"Apekz","Mhot"
"Asser","Fukuda"
"Plazma","LilJohn"
"Sinio/Tipsy D","Pricetagg/Kris Delano"
"Romano/J-King","Maxford/Snob"
"Damsa/Flict-G","Dilim/Sibil"
"Jonas","Invictus"
"Batas","Sur Henyo"
"Apekz","Sayadd"
"Goriong Talas","Mhot"
"Shernan/M Zhayt","Crazymix/Bassilyo"
"Jonas/Lhipkram","Dilim/Sibil"
"Frooz","Batang Rebelde"
"Asser","Rudic"
"Fukuda","Sixth Threat"
"BLKD","Kregga"
"Zaito/Andy G","Snob/Maxford"
"LilJohn","Nikki"
"Marshall Bonifacio","Tatz Maven"
"Mardszen","Cedie"
"Frooz","Range"
"Marshall Bonifacio","Chaliz"
"Chris Ace","Munchito"
"Sinio/Tipsy D","Aelekz/Fangs"
"J-Blaque","Vampi"
"Makii","Martin"
"Jecoy","Raizen"
"Zeus","Jamal"
"Frooz","Righteous1"
"Mocks Wun","Poison13"
"LilJohn","Hearty"
"Damsa/Flict-G","Invictus/Lanzeta"
"Romano/J-King","Hazky/Thike"
"Rich Flo","Wrathsol"
"Plazma","Mhot"
"Goriong Talas","Dhuski"
"Apekz","Badang"
"Pricetagg/Kris Delano","Pistolero/Prince Rhyme"
"Crazymix/Bassilyo","CripLi/Towpher"
"Shernan/M Zhayt","Mikidee/Wise Wunn"
"Abaddon","Khen Magat"
"Sayadd","Omar Baliw"
"Batas","Hearty"
"Batang Rebelde","Sur Henyo"
"Shernan","Elbiz"
"EJ Power","Frooz"
"Poison13","Kjap"
"Loonie","Plazma"
"Abra","Damsa"
"Apoc","Apekz"
"Shernan","Lil Sisa"
"J-King","Jonas"
"Badang","Rapido"
"Melchrist","Romano"
"Pistolero","Range"
"Mhot","Fangs"
"Marshall Bonifacio","Lhipkram"
"Mikidee","Sixth Threat"
"Thike","Dello"
"Batas","Pricetagg"
"Shehyee","Sinio"
"Invictus/Lanzeta","CripLi/Towpher"
"Smugglaz","G-Clown"
"Zaito","LilJohn"
"Frooz","Tweng"
"M Zhayt","EJ Power"
"Kregga","Asser"
"Ilaya","Righteous1"
"Tatz Maven","Poison13"
"Loonie","Mark Grist"
"Batas","Badang"
"Rapido","Damsa"
"Melchrist","Pistolero"
"Goriong Talas","Invictus"
"M Zhayt","Jonas"
"Asser","Plazma"
"Makii","Zeus"
"Flict-G","Damsa"
"Shernan","Apekz"
"Aelekz","J-Blaque"
"Range","Chaliz"
"Mackata","Jecoy"
"Martin","Chris Ace"
"Marshall Bonifacio","Jamal"
"Loonie","Tipsy D"
"Smugglaz","Rapido"
"Target","Thike"
"Jonas","Romano"
"J-Skeelz","Juan Lazy"
"LilJohn","EJ Power"
"J-King","Fangs"
"Mhot","Onaks"
"Stiff","Dave Ill"
"Loonie","G-Clown"
"BLKD","Zero Hour"
"Sak Maestro","Kregga"
"Nikki","Silent Effect"
"Rudic","Maxford"
"Cool Kidd","Tatz Maven"
"Fukuda","Dosage"
"Onlison","Hizuka"
"Cedie","Sixth Threat"
"Zaito","Sinio"
"Tipsy D","J-King"
"Mocks Wun","Kamandag"
"Rapido","Asser"
"Akt","Romano"
"LilJohn","Lanzeta"
"Righteous1","Kjap"
"Invictus","Poison13"
"Dhuski","Hazky"
"M Zhayt","Plazma"
"Sayadd","Pistolero"
"Lanzeta","Mhot"
"Thike","Harlem"
"Batang Rebelde","Kris Delano"
"Damsa","Jonas"
"Nerdskillz","Prince Rhyme"
"Lhipkram","El Quiel"
"Poison13","Towpher"
"Loonie","Badang"
"Asser","Aklas"
"Tweng","Shernan"
"Ice Bergg","Nikki"
"Range","Makii"
"Fangs","Onlison"
"Aelekz","Mackata"
"LilJohn","Zeus"
"Smugglaz","M Zhayt"
"Frooz","G-Clown"
"Batang Rebelde","Icaruz"
"Left Eye Blind","Damsa"
"Hazky","Onaks"
"Mhot","Wise Wunn"
"Mikidee","Dilim"
"Castyboy","Emar Industriya"
"Tikboy","Towpher"
"Sanctuz","J2DP"
"Tipsy D","Flict-G"
"Rapido","LilJohn"
"Rapido","Romano"
"Pistolero","J-King"
"Plazma","Kjap"
"Akt","Righteous1"
"EJ Power","Jonas"
"Invictus","CripLi"
"EJ Power","El Quiel"
"Hazky","Blackfaith"
"Lhipkram","Doc Pau"
"Jonas","Onaks"
"Sibil","Mhot"
"Prince Rhyme","Jigsaw"
"Poison13","Crazy3ck"
"Loonie","Shehyee"
"Abra","Aklas"
"Frooz","Asser"
"Elbiz","Badang"
"Apekz","Righteous1"
"Andy G","Pistolero"
"M Zhayt","Goriong Talas"
"Plazma","Harlem"
"Thike","Dhictah"
"Damsa","G-Clown"
"Batas","Romano"
"BLKD","Tipsy D"
"Smugglaz","Apoc"
"Zaito","Shernan"
"Rapido","Sayadd"
"Kregga","Cerberus"
"Kial","Tweng"
"J-King","Aelekz"
"Range","Lanzeta"
"Maxford","Kregga"
"Badang","G-Spot"
"Rapido","Silent Effect"
"Pistolero","Nikki"
"Hizuka","Dave Ill"
"Dopee","Onlison"
"Cool Kidd","Stiff"
"Snob","Fukuda"
"Tatz Maven","Dosage"
"Tipsy D","Sayadd"
"Badang","Romano"
"Thike","Akt"
"LilJohn","Mocks Wun"
"Prosecutor Billy","J-King"
"Cerberus","Lanzeta"
"Twister","El Quiel"
"Rich Flo","EJ Power"
"Dhuski","Sur Henyo"
"Kjap","Invictus"
"Poison13","Rentao"
"Batas","Shernan"
"Dello","Romano"
"Abra","Pricetagg"
"Sinio","Flict-G"
"Zaito","Elbiz"
"Target","Apoc"
"Plazma","Omar Baliw"
"Asser","Rapido"
"SinCity","Ice Bergg"
"M Zhayt","Kregga"
"Makii","Aelekz"
"Range","Fangs"
"Mackata","Zeus"
"Batas","Sayadd"
"Dello","Sak Maestro"
"BLKD","Shernan"
"Romano","Pistolero"
"Sinio","Frooz"
"BLKD","Thike"
"Shehyee","Pistolero"
"Sak Maestro","Fongger"
"Sak Maestro","Zaito"
"Sayadd","Kregga"
"Ilaya","Kial"
"G-Clown","LilJohn"
"Left Eye Blind","Nerdskillz"
"Batas","Andy G"
"Dello","Badang"
"Target","Zero Hour"
"Rapido","Shernan"
"M Zhayt","Romano"
"Righteous1","Pricetagg"
"Troublesome","Plazma"
"Loonie","Aklas"
"Tipsy D","J-Skeelz"
"Sinio","Sak Maestro"
"M Zhayt","Asser"
"Crazymix","Damsa"
"Ejo","Nikki"
"Omar Baliw","Cool Kidd"
"Righteous1","Hearty"
"Makii","Romano"
"Harlem/Juan Lazy","Mac T/G-Spot"
"Batas","Melchrist"
"Smugglaz","Zaito"
"Frooz","Pricetagg"
"Andy G","Elbiz"
"Flict-G","Badang"
"Thike","LilJohn"
"Shernan","Fongger"
"Pistolero","Kregga"
"Kregga","Nikki"
"Batas","Rapido"
"Thike/G-Clown","Shernan/M Zhayt"
"Melchrist","Kris Delano"
"LilJohn","Batang Rebelde"
"Damsa","Pistolero"
"Cerberus","Romano"
"Sak Maestro","Ice Bergg"
"Andy G","Fongger"
"Goriong Talas","Asser"
"Blackleaf","Makii"
"Aklas","Tweng"
"Cool Kidd","Aelekz"
"Range","Zeus"
"Fangs","Mackata"
"M Zhayt","Damsa"
"Batas","Rudic"
"Prosecutor Billy","Kris Delano"
"Thike","Badang"
"Elbiz","LilJohn"
"Omar Baliw","Left Eye Blind"
"Tipsy D","Sinio"
"Frooz","Third D"
"Akt","Kris Delano"
"Mocks Wun","Shernan"
"M Zhayt","Pistolero"
"Asero","Jaffie"
"Sayantipiko","Cerberus"
"Romano","Harvey"
"Rapido","Hizuka"
"Elbiz","Melchrist"
"Icaruz","Thike"
"Andy G","Badang"
"Damsa","LilJohn"
"Batang Rebelde","G-Clown"
"Nerdskillz","Hazky"
"Omar Baliw","K Vill"
"J-Lem","Bogchick"
"Don Busabos/Malupit","Stiff/Fukuda"
"Maxford/Cool Kidd","Onlison/Kaream"
"Batas","Dopee"
"Rudic","Nikki"
"Silent Effect","Hizuka"
"Sayadd","Sak Maestro"
"Apoc","Zero Hour"
"Sinio","G-Spot"
"G-Clown","Kregga"
"Mac T/G-Spot","Lazta/Mastamine"
"Fongger","Batang Rebelde"
"Asser","Ejo"
"Makii","Thike"
"Tweng","Batang X"
"Mackata","W-Beat"
"Range","Aelekz"
"Zeus","Fangs"
"Aklas","Elbiz"
"Rapido","Goriong Talas"
"Notorious","Prosecutor Billy"
"Maxford","Melchrist"
"Flipzydot1","M Zhayt"
"Silencer","LilJohn"
"Shernan","Pistolero"
"Ilaya","Left Eye Blind"
"Sayadd","Zero Hour"
"Flict-G","Sak Maestro"
"Goriong Talas","Kris Delano"
"Rapido","Sinio"
"Thike","Ejo"
"Mocks Wun","G-Clown"
"Aklas","Akt"
"Aklas","Batang Rebelde"
"Frooz/Elbiz","Crazymix/Bassilyo"
"Rapido/Mocks Wun","Lil Sisa/Hearty"
"Aklas","BLKD"
"Apekz","Target"
"Andy G","Righteous1"
"Negatibo","Melchrist"
"Harlem","Juan Lazy"
"Apoc","Sak Maestro"
"Harlem","Zero Hour"
"Pricetagg","Maxford"
"Andy G","Malupit"
"Tipsy D","Juan Lazy"
"Rudic","Hizuka"
"Mac T","Fukuda"
"Cool Kidd","Nikki"
"Don Busabos","Dave Ill"
"Kregga","JB"
"Onlison","Stiff"
"Frooz/Elbiz","Rapido/Icaruz"
"Tipsy D/Third D","Crazymix/Bassilyo"
"Flict-G","BLKD"
"Aklas","Sinio"
"Rudic","Batang Rebelde"
"Thike","Flipzydot1"
"Target/J-Skeelz","Crazymix/Bassilyo"
"Tipsy D/Third D","Mac T/G-Spot"
"Andy G","Sinio"
"Flict-G","Rudic"
"Abra/Apekz","Frooz/Elbiz"
"Rapido/Icaruz","Dopee/Snob"
"BLKD","Goriong Talas"
"Aklas","Jade Wunn"
"Abra/Apekz","Saint Ice/Kris Delano"
"Target/J-Skeelz","Negatibo/Righteous1"
"Frooz/Elbiz","Yelshawn/Bogchick"
"Crazymix/Bassilyo","Mocks Wun/Verse1"
"Aklas","J-Lem"
"Flict-G","Asero"
"Batang Rebelde","Sinio"
"Notorious","Troublesome"
"Protégé","Bender"
"Anygma","Loe Pesci"
"Plazma","Tantrum"
"Skarm","Charron"
"Batas","Shazaam"
"Zaito","Charron"
"SinCity","Twizzie"
"Apoc","One3D"
"Rapido/Icaruz","Maxford/Malupit"
"Melchrist/Papew","Mac T/G-Spot"
"W-Beat/Fongger","Dopee/Snob"
"Sak Maestro","Zero Hour"
"Psykadelik","Cool Kidd"
"Juan Lazy","Rudic"
"Zaito","Antz"
"Thike/G-Clown","Tipsy D/Third D"
"2khelle/El D'No","Yelshawn/Bogchick"
"BLKD","Gin"
"Goriong Talas","Sparo"
"Andy G","Flipzydot1"
"Ranieboy","Jade Wunn"
"Zaito","Badang"
"Papew","Ejo"
"Icaruz","Tipsy D"
"Thike","Sparo"
"Rapido","Mocks Wun"
"Malupit","Goriong Talas"
"Blackleaf","Stielo"
"Sinio","Jaytee"
"G-Spot","Daddie Joe D"
"Elbiz","Dopee"
"Mizayld","Mastamine"
"Mac T","W-Beat"
"Aklas","Pricetagg"
"Rudic","Melchrist"
"Akt","Crazymix"
"Kjah","Maxford"
"Frooz","Sayadd"
"Lazta","G-Clown"
"Zero Hour","Tweng"
"Fongger","Bogchick"
"Batang X","Prosecutor Billy"
"Batang Rebelde","Negatibo"
"Kamandag","Snob"
"Jojo","2khelle"
"Goriong Talas","Flipzydot1"
"Flict-G","Daddie Joe D"
"Akt","2khelle"
"Rish","Sinio"
"Righteous1","Asero"
"Lirikal","Jade Wunn"
"Prime Thugz","Verse1"
"Prosecutor Billy","El D'No"
"Sayantipiko","Apoc"
"Dhictah","Third D"
"Sparo","Mocks Wun"
"Jaffie","Elbiz"
"Frooz","Japormz"
"Rapido","Crazymix"
"Damsa","Thike"
"Andy G","Papew"
"Zaito","Batang Rebelde"
"Melchrist","Troublesome"
"Mizayld","Ranieboy"
"J-Lem","G-Clown"
"Krusa","Bogchick"
"Elias","Yelshawn"
"Shehyee/Smugglaz","Harlem/Juan Lazy"
"Dello","Righteous1"
"Batas","J-Skeelz"
"Target","Badang"
"Zaito","Bassilyo"
"Tipsy D","Notorious"
"Caliber","Negatibo"
"BLKD","Apekz"
"Silencer","Frooz"
"Lazta","Sniper"
"Zaito","Pricetagg"
"Jaytee","Jojo"
"Ejo","W-Beat"
"Stielo","Batang X"
"Rudic","Mastamine"
"Mazstah Locco","Drei"
"Fongger","Tweng"
"Loonie/Abra","Shehyee/Smugglaz"
"Harlem/Juan Lazy","Melchrist/Papew"
"Aklas","Apekz"
"Akt","Blackleaf"
"Kamandag","Psykadelik"
"Aklas","Zero Hour"
"Aklas","Silent Effect"
"Maxford","Dopee"
"Rudic","G-Spot"
"Mac T","Kaream"
"Snob","Kalidido"
"D-Flow Uno","Malupit"
"Aklas/Sayadd","Melchrist/Papew"
"Loonie/Abra","Crazymix/Bassilyo"
"Apoc/Dhictah","Harlem/Juan Lazy"
"Shehyee/Smugglaz","Frooz/Elbiz"
"Akt","Daddie Joe D"
"Tipsy D/Third D","Loonie/Abra"
"Jaytee/Stielo","Shehyee/Smugglaz"
"Crazymix/Bassilyo","Goriong Talas/Redd Blot"
"Frooz/Elbiz","Flipzydot1/Supreme"
"Rish","Jaffie"
"Prosecutor Billy","Andy G"
"Silencer","Asero"
"Kahir","Japormz"
"Sayantipiko","2khelle"
"Caliber","Mocks Wun"
"Apoc/Dhictah","Batang Rebelde/Rapido"
"Harlem/Juan Lazy","Akt/Kamandag"
"Maxford/G-Spot","Aklas/Sayadd"
"Dopee/Malupit","Melchrist/Papew"
"Zaito","Daddie Joe D"
"One3D","Saint Ice"
"Ranieboy","Icaruz"
"Badang","Damsa"
"Twizzie","Kris Delano"
"Target","Daddie Joe D"
"Zaito","Sayadd"
"Notorious","Melchrist"
"Goriong Talas","Aklas"
"Akt","Shehyee"
"BLKD","Krack"
"J-Skeelz","Lazer-A"
"Daddie Joe D","Andy G"
"Goriong Talas","Melchrist"
"Krusa","Yelshawn"
"Apekz","Smugglaz"
"G-Mar","Mizayld"
"Elias","Icaruz"
"Batang Rebelde","Jonas"
"Rapido","Papew"
"Loonie","Dello"
"Dello","BLKD"
"BLKD","Loonie"
"Krack","Japormz"
"Prosecutor Billy","Singleshot"
"SinCity","JedLi"
"G-Spot","Akt"
"Gin","Tipsy D"
"Maxford","Sinio"
"Josh G","Durante"
"Silencer","Shehyee"
"Akt/Lirikal","Sayantipiko/Jaffie"
"Japormz","Sayadd"
"2khelle","Damsa"
"Kamandag","Shehyee"
"Tomahawk","Tipsy D"
"Third D","Mocks Wun"
"Prosecutor Billy","Aklas"
"El D'No","Sinio"
"SinCity","Plazma"
"Josh G","Kris Delano"
"Zain Azrai","Kris Delano"
"Saint Ice","Lloyd"
"Badang","Pricetagg"
"Caliber","Smugglaz"
"Notorious","Ranieboy"
"Antz","Kaream"
"Singleshot","Kalidido"
"Cool Kidd","Madd NJ"
"D-Flow Uno","Don Busabos"
"Ferdie","Silent Effect"
"Snob","Maxford"
"G-Spot","Donie"
"Dopee","Wangbo Loco"
"Malupit","Rudic"
"Big Sick","NothingElse"
"Plazma","Durante"
"Shehyee","Abra"
"Target","Zaito"
"Libs","Tim"
"Daddie Joe D","Badang"
"Andy G","Notorious"
"Target","Kjah"
"Badang","Redd Blot"
"Damsa/Flict-G","Aklas/Sayadd"
"Harlem/Juan Lazy","BLKD/Kahir"
"Asero","Melchrist"
"Dello","Zaito"
"Dello","Goriong Talas"
"Krack","Lil Coli"
"Lirikal","Kritiko"
"Ranieboy","2khelle"
"Apoc/Dhictah","Akt/Tomahawk"
"Target","Juan Lazy"
"Andy G","Harlem"
"Kjah","Blackleaf"
"Batas","Righteous1"
"Damsa","Daddie Joe D"
"Raynoa","Kamandag"
"Rudic","Notorious"
"Maxford","Whitey Uno"
"Dopee","Mac T"
"Snob","G-Spot"
"Malupit","Don Busabos"
"Blackleaf","Madd NJ"
"Psykadelik","Ice"
"Rudic","Kuscan"
"Protégé","SinCity"
"Protégé","Tactmatic"
"Plazma","Double Dice"
"Tim","Aaron G"
"Josh G","MC Stiff"
"Libs","MC Stiff"
"Fuego","Zain Azrai"
"Kris Delano","One3D"
"Dello","Shehyee"
"Harlem","Badang"
"Juan Lazy","Daddie Joe D"
"Goriong Talas","Tomahawk"
"Damsa","Akt"
"Anygma","Dirtbag Dan"
"Skarm","Luck Loosh"
"NothingElse","SinCity"
"Plazma","Kris Delano"
"BLKD","Shehyee"
"Target","Datu"
"Kial","Dello"
"Dhictah","Harlem"
"JedLi","Blasian"
"Fuego","Josh G"
"SinCity","Tim"
"Lil Coli","Caliber"
"Kahir","Righteous1"
"Lil Sisa","Hearty"
"Slimer","Bizzy"
"Shehyee","Andy G"
"BLKD","Melchrist"
"Daddie Joe D","Negatibo"
"Dalmacio Armas","Kritiko"
"Kamandag","Kjah"
"Akt","Sayadd"
"Lirikal","Aklas"
"Kahir","Tomahawk"
"2khelle","BLKD"
"Asero","Daddie Joe D"
"Libs","Nellyboy"
"Goriong Talas/Redd Blot","Harlem/Juan Lazy"
"Skarm","SinCity"
"Damsa","Smugglaz"
"Abra","Zaito"
"Fuego","Kris Delano"
"Juan Lazy","Flict-G"
"BLKD","Sayadd"
"Protégé","RBTO"
"JedLi","Plazma"
"One3D","Libs"
"Aklas","Kahir"
"Apoc","Verb"
"Harlem","Caliber"
"Apekz","Andy G"
"Goriong Talas","Redd Blot"
"Zaito","Silencer"
"Abra","Harlem"
"Apekz","Daddie Joe D"
"Shehyee","Juan Lazy"
"Dhictah","Fuego"
"Loonie","Zaito"
"NothingElse","Abra"
"Batas","Fuego"
"Skarm","Josh G"
"Verb","Mike Makata"
"Plazma","Tim"
"Target","Dello"
"Silencer","Juan Lazy"
"Sev","Ghandi"
"Apekz","Snatch"
"Shehyee","Daddie Joe D"
"Loonie","Gap"
"Dello","Batas"
"Cameltoe","Dhictah"
"Target","Luke"
"Plazma","Apoc"
"Tim","Dimebag Daryl"
"Apekz","Harlem"
"Datu","Cameltoe"
"Fuego","Protégé"
"JedLi","Apoc"
"Batas","Abra"
"NothingElse","RBTO"
